Location,ID,Agrilus exit holes,Branch epicormics,Crown contact (%),Crown transparency (%),Crown fruiting bodies,Crown mildew,Diameter at breast height (mm),Dieback location,Dieback type,GPS,Ground level fruiting bodies,Insect defoliation,Insect defoliation type,Lower crown height (m),Missing crown (%),Oval shaped exit holes,Pruning / branch loss,Small circular shaped exit holes,Social class,Stem fruiting bodies,Stem epicormics,Timber height (m),Total height (m),Tree No,Dead stem tissue,Crown radius (m),Canopy closure,Active bleeds,Black staining,Calloused wound,Active bleed size (mm),Black staining size (mm),Calloused wound size (mm),Status,ChosenGroup,Live crown ratio (%),Crown condition (%),Crown volume (m^3),Crown surface area (m^2),Crown Production Efficiency,Bleed prevalence (%),Agrilus exit hole density (m^-2)
Attingham,1,0,4,0,50,absent,0,1224,3,3,SJ5503310002,absent,0,none,8.1,20,absent,present,present,1,absent,2,18.8,27.5,402,absent,7.525,absent,0,0,0,0,0,0,Symptomatic,COD,70.54545454545455,40,690.2312323191305,256.7454220860734,0.37197016023662977,0,0
Attingham,2,0,4,25,60,absent,0,993,3,2,SJ5484009958,absent,2,chin,6.3,30,absent,present,present,2,absent,1,13.3,19.2,751,absent,6.125,present,0,0,1,0,0,1.282051282051282,Non-symptomatic,Remission,67.1875,28,212.85301428206222,99.3745424437397,0.4668693219070579,0,0
Attingham,3,0,1,30,60,absent,0,1057,3,2,SJ5485109957,absent,2,chin,10.5,15,absent,present,absent,2,absent,1,13.6,21.6,749,absent,4.55,present,0,1,1,0,1.282051282051282,2.8205128205128203,Symptomatic,AOD,51.38888888888889,34,122.72825694594887,75.88886017954681,0.6183487166526715,1.649926811373612e-4,0
Attingham,4,0,3,40,15,absent,0,733,4,5,SJ5485809957,absent,1,chin,7.7,10,absent,present,present,2,absent,3,17.8,26.3,754,absent,6,present,0,0,1,0,0,1.5384615384615385,Non-symptomatic,Control,70.72243346007605,76.5,804.6309936227251,370.1583828731746,0.4600349549134249,0,0
Attingham,5,0,2,25,35,absent,0,619,3,4,SJ5486509945,absent,2,chin,9.9,30,absent,present,present,2,absent,1,13.8,20.4,748,absent,4.3,present,0,1,2,0,0.5128205128205128,6.923076923076923,Symptomatic,COD,51.470588235294116,45.5,138.75782505384578,90.78080717768783,0.6542391907804825,4.507845272043704e-5,0
Attingham,6,0,1,35,20,absent,0,1074,2,2,SJ5487409956,absent,2,both,9.9,10,absent,present,present,2,absent,2,15.5,21.6,747,absent,5.05,present,0,0,2,0,0,2.307692307692308,Non-symptomatic,Control,54.166666666666664,72,337.45898152210765,188.99806655989386,0.5600623391542838,0,0
Attingham,7,0,3,40,40,absent,0,706,3,2,SJ5489009941,absent,2,chin,10.3,15,present,present,present,2,absent,3,20.1,25.7,746,absent,5.625,present,0,1,2,0,1.5384615384615385,1.5384615384615385,Non-symptomatic,Control,59.92217898832685,51,390.35147750094393,193.26346991065384,0.49510116151715217,3.5571113329398694e-4,0
Attingham,8,2,4,15,90,absent,0,718,6,4,SJ5490309933,absent,3,both,10.2,25,absent,present,absent,3,absent,1,13.8,19,744,absent,3.875,present,1,8,1,1.5384615384615385,6.666666666666666,3.333333333333333,Symptomatic,AOD,46.31578947368421,7.499999999999998,15.567082472389545,11.38681764346203,0.7314676763393645,0.05289240696435469,0.44332853228940206
Attingham,9,4,2,10,20,absent,0,1197,1,3,SJ5491009930,absent,2,both,6.1,10,present,present,present,1,absent,1,21.5,26.6,743,absent,7.225,present,0,7,0,0,2.8205128205128203,0,Non-symptomatic,Remission,77.06766917293233,72,1210.269078094432,465.2201926695081,0.3843940170742832,0.004936156477058499,0.5318460922034932
Attingham,10,0,3,15,25,absent,0,575,2,2,SJ5490709982,absent,1,chin,8,10,absent,present,absent,2,absent,1,11.4,18,47,absent,5.7,present,0,0,0,0,0,0,Symptomatic,COD,55.55555555555556,67.5,344.4874154385718,177.46217645360503,0.5151485032557007,0,0
Attingham,11,7,3,50,50,absent,0,988,6,4,SJ5486809920,absent,2,chin,10.4,15,absent,present,present,2,absent,2,17.4,24.2,728,absent,6.8,present,2,15,0,2.307692307692308,10,0,Symptomatic,AOD,57.02479338842975,42.5,425.9961939155915,179.99841590380186,0.4225352678607908,0.16223181919268254,1.1276159935660601
Attingham,12,0,2,80,40,absent,0,1142,6,3,SJ5488909909,absent,2,chin,11.8,10,absent,present,absent,1,absent,1,20.9,30.4,733,absent,7.65,present,0,1,0,0,0.5128205128205128,0,Non-symptomatic,Remission,61.18421052631579,54,923.3140651820769,339.6843686147173,0.36789688517062913,2.4433942411515343e-5,0
Attingham,13,0,1,40,5,absent,0,796,0,0,SJ5491709908,absent,2,chin,3.4,0,absent,present,absent,2,absent,2,15.7,21.2,736,absent,5.9,present,0,0,0,0,0,0,Non-symptomatic,Control,83.9622641509434,95,924.6289944952003,433.34462734948266,0.4686686551356379,0,0
Attingham,14,0,3,10,20,absent,0,1196,3,2,SJ5490309891,absent,2,chin,6.9,10,present,present,absent,1,absent,1,25.1,29.1,716,absent,7.35,present,0,0,2,0,0,3.076923076923077,Non-symptomatic,Remission,76.28865979381445,72,1356.3757795154086,510.24306454417945,0.3761811971653413,0,0
Attingham,15,0,3,15,40,absent,0,1089,1,4,SJ5492209876,absent,2,chin,3,30,absent,present,present,1,absent,3,17.6,25.7,713,absent,6.65,present,0,1,6,0,0.2564102564102564,30.51282051282051,Non-symptomatic,Remission,88.32684824902724,42,662.2749297151267,273.33187188150424,0.4127166220818236,6.405776454074959e-6,0
Attingham,16,10,4,10,60,absent,0,1529,6,3,SJ5490009846,absent,3,both,6.3,25,absent,present,present,1,absent,1,19.9,24.9,707,absent,5.45,present,3,4,2,5.384615384615384,4.102564102564102,8.205128205128204,Symptomatic,AOD,74.69879518072288,30,260.3437046631698,131.10792026756968,0.5035955082424438,0.010707923571465317,1.040908718717432
Attingham,17,0,2,15,35,absent,0,1074,3,3,SJ5487509878,absent,2,both,5.6,25,absent,present,absent,2,absent,1,18,23.6,724,absent,6.025,present,3,3,1,4.102564102564102,3.8461538461538463,1.282051282051282,Symptomatic,AOD,76.27118644067797,48.75,500.35829580090024,229.78993433663874,0.4592507734259201,0.009372635079979192,0
Attingham,18,45,3,25,90,absent,0,815,6,4,SJ5487909891,absent,3,chin,13.1,80,present,present,present,2,absent,1,21.2,29.2,723,present,3.175,present,2,0,1,8.205128205128204,0,2.564102564102564,Symptomatic,COD,55.13698630136987,1.9999999999999996,5.09874400841857,4.340909125816873,0.8513683210315265,0.017529599832862168,8.78769624433778
Attingham,19,1,3,5,95,absent,0,867,6,4,SJ5488009893,absent,4,both,8.2,90,present,present,present,2,absent,2,19.3,24,725,absent,3.3,present,3,13,3,2.8205128205128203,16.923076923076923,8.717948717948719,Symptomatic,Extra,65.83333333333333,0.5000000000000004,1.3513717879049185,1.1086863696825418,0.8204155063806527,0.4585501485798947,0.1835697152155656
Attingham,20,0,2,40,60,absent,0,1076,6,4,SJ5486009913,absent,3,chin,9.2,30,present,present,absent,2,absent,1,17.9,24.6,727,absent,5.800000000000001,present,0,2,1,0,2.564102564102564,2.564102564102564,Symptomatic,COD,62.60162601626017,28,227.85292932473604,109.68190246715841,0.48137148287806186,0.0012966339328043923,0
Attingham,21,0,1,5,10,absent,0,1105,2,5,SJ5486209906,absent,1,chin,3.5,5,absent,present,absent,1,absent,1,20.1,26.7,726,absent,6.35,absent,0,2,1,0,2.564102564102564,2.564102564102564,Non-symptomatic,Control,86.89138576779027,85.5,1256.3811944222457,541.1534257921221,0.43072391420262757,0.001262604625970612,0
Big Wood,1,7,4,55,90,absent,1,605,5,4,TM4316472672,absent,0,none,15.1,10,present,present,present,4,absent,0,15.3,21.3,1,present,4.195,present,44,37,0,16.73469387755102,12.653061224489797,0,Symptomatic,COD,29.10798122065728,8.999999999999998,15.424745470095377,11.156112794770829,0.7232607381690459,3.1999171185316437,1.841462151476475
Big Wood,2,0,1,20,15,absent,0,525,1,1,TM4327372760,absent,1,pin,20.3,15,absent,absent,absent,2,absent,2,18.1,31.5,CONTROL F,absent,5.9925,present,1,28,0,0.8163265306122448,9.795918367346939,0,Non-symptomatic,Control,35.55555555555555,72.25,456.4485549896147,221.4219709859774,0.4850973205315882,0.5431572912256836,0
Big Wood,3,0,1,55,15,absent,1,541,2,2,TM4329072767,absent,0,none,17.9,35,absent,absent,absent,2,absent,2,17.7,30.2,CONTROL G,absent,6.12,present,0,0,0,0,0,0,Non-symptomatic,Control,40.728476821192054,55.25,399.8159495634313,187.95045140275423,0.47009243029944625,0,0
Big Wood,4,0,1,70,20,absent,0,418,5,2,TM4323372719,absent,1,chin,15.4,20,absent,present,present,3,absent,2,15.4,23.5,3,absent,3.2,present,0,0,0,0,0,0,Symptomatic,COD,34.46808510638298,64,83.38440353899257,73.0577713155746,0.8761563099916042,0,0
Big Wood,5,0,1,75,20,absent,2,575,2,2,TM4327972737,absent,1,pin,18.4,10,absent,absent,absent,2,absent,1,21.3,33.8,5,absent,6.2025,present,0,0,0,0,0,0,Symptomatic,COD,45.562130177514796,72,670.0491185085316,303.42479376479366,0.45283962829499674,0,0
Big Wood,6,0,1,30,20,absent,1,547,4,3,TM4328272731,absent,0,none,17.1,10,absent,absent,absent,2,absent,2,20,30.4,6,absent,6.6275,present,0,0,0,0,0,0,Symptomatic,COD,43.74999999999999,72,660.6987531752931,286.8641152692552,0.4341829220815041,0,0
Big Wood,7,0,1,10,45,absent,2,548,5,2,TM4338872671,absent,1,pin,16.9,5,absent,absent,absent,2,absent,3,18.9,26.6,CONTROL J,absent,5.6899999999999995,present,0,0,0,0,0,0,Non-symptomatic,Control,36.466165413533844,52.25000000000001,257.7522344534645,133.66781480395355,0.5185903241047806,0,0
Big Wood,8,2,1,15,10,absent,1,639,2,1,TM4330472649,absent,0,none,13.8,15,present,present,present,2,absent,0,15.6,26.9,8,absent,8.5225,present,0,2,0,0,0.8163265306122448,0,Symptomatic,COD,48.69888475836431,76.5,1143.3695648932712,403.70216023942174,0.35308107949952794,2.2130225164574096e-4,0.4981375370638352
Big Wood,9,0,0,40,10,absent,2,752,2,1,TM4333072670,absent,1,chin,16,10,absent,present,absent,2,absent,1,17.4,26.4,CONTROL H,absent,8.555,present,0,0,0,0,0,0,Non-symptomatic,Control,39.39393939393939,81,968.4523625571824,360.62518714812353,0.37237266497641525,0,0
Big Wood,10,0,1,90,25,absent,1,392,2,1,TM4319772757,absent,1,chin,17.1,30,absent,absent,absent,3,absent,0,14.9,26.9,CONTROL A,absent,4.675,present,0,0,0,0,0,0,Non-symptomatic,Control,36.431226765799245,52.5,176.63163399215549,108.10441067605197,0.6120331235844938,0,0
Big Wood,11,0,1,0,10,absent,2,568,3,1,TM4322872768,absent,0,none,11.7,0,absent,present,absent,2,absent,0,18,26.3,11,absent,5.6025,absent,35,49,0,9.183673469387756,15.510204081632653,0,Symptomatic,COD,55.513307984790885,90,647.8567270871065,323.3709414939225,0.49913959055092777,2.7533898827991594,0
Big Wood,12,0,0,75,10,absent,1,574,2,2,TM4319072734,absent,0,none,16.5,15,absent,absent,absent,2,absent,1,20.5,27.1,CONTROL B,absent,6.2924999999999995,present,0,1,0,0,0.4081632653061224,0,Non-symptomatic,Control,39.11439114391144,76.5,504.35185893952985,237.0061096820522,0.46992214954930595,3.079532639408286e-5,0
Big Wood,13,0,0,20,30,absent,0,549,2,1,TM4327172718,absent,1,pin,14.3,10,present,absent,absent,2,absent,0,19.5,29.9,13,absent,5.0675,present,0,0,0,0,0,0,Symptomatic,COD,52.17391304347826,62.99999999999999,396.43550165965877,216.0313070284027,0.5449343111905913,0,0
Big Wood,14,0,1,90,5,absent,0,561,2,1,TM4320872693,absent,1,chin,20,0,absent,present,absent,2,absent,0,17.8,29.7,CONTROL C,absent,6.285,present,48,36,0,15.306122448979592,11.020408163265305,0,Non-symptomatic,Control,32.65993265993266,95,571.775813718877,273.52876842297064,0.47838464282690973,2.95377440726824,0
Big Wood,15,0,0,90,95,absent,1,479,5,4,TM4323872704,absent,1,chin,19.8,20,absent,present,absent,3,absent,0,17.8,25.4,12,absent,3.19,present,0,0,0,0,0,0,Symptomatic,COD,22.047244094488182,4.0000000000000036,3.580546032245852,3.2954932840561866,0.9203884699086329,0,0
Big Wood,16,0,0,15,85,absent,1,440,5,3,TM4325572700,absent,1,both,19,5,absent,absent,absent,2,absent,2,14.1,27.3,2,absent,3.815,absent,0,0,0,0,0,0,Symptomatic,COD,30.402930402930405,14.250000000000002,27.03970307854452,20.18821015763001,0.7466136036696706,0,0
Big Wood,17,0,4,10,20,absent,1,597,3,1,TM4344272665,absent,1,both,18,15,absent,present,absent,2,absent,3,17.6,26.8,17,absent,6.9725,absent,1,0,0,0.4081632653061224,0,0,Symptomatic,COD,32.83582089552239,68,456.97086082966655,206.6230113974616,0.45215795821711974,2.9608906784260572e-5,0
Big Wood,18,0,3,30,60,absent,2,525,5,3,TM4341372687,absent,1,chin,16.8,55,absent,absent,present,2,absent,2,16.8,26,18,absent,4.1325,present,0,0,0,0,0,0,Symptomatic,COD,35.38461538461538,18,44.42280051218862,30.536945684645037,0.6874160415948198,0,0
Big Wood,19,0,2,20,25,absent,1,674,2,2,TM4326372630,absent,2,both,19.1,15,absent,absent,absent,1,absent,1,16.7,28.5,19,absent,9.165,present,0,0,0,0,0,0,Symptomatic,COD,32.98245614035088,63.75,790.6656259521042,290.10573592697324,0.36691330241862175,0,0
Big Wood,20,0,2,15,20,absent,1,486,2,1,TM4325672622,absent,1,both,14.6,10,absent,present,absent,2,absent,2,19.7,28.3,CONTROL K,absent,6.42,present,0,0,0,0,0,0,Non-symptomatic,Control,48.409893992932865,72,638.6207077546674,283.99220815028144,0.4446962096621833,0,0
Big Wood,21,0,1,90,20,absent,1,535,3,2,TM4324472730,absent,1,both,19.1,15,absent,present,absent,2,absent,1,16.9,29,CONTROL E,absent,4.825,present,0,0,0,0,0,0,Non-symptomatic,Control,34.137931034482754,68,246.1833174253149,146.38865769964687,0.5946327282881672,0,0
Big Wood,22,0,0,60,30,absent,1,544,3,2,TM4328172681,absent,1,both,16.2,5,absent,absent,absent,2,absent,0,14,26.3,CONTROL D,absent,6.1075,present,0,0,0,0,0,0,Non-symptomatic,Control,38.403041825095066,66.5,393.5408754606929,191.171608171968,0.4857731943300063,0,0
Chestnuts,1,0,2,80,15,absent,0,398,4,1,SO6769514680,absent,1,chin,10.3,5,absent,absent,absent,2,absent,2,8,17.1,1,absent,4.6499999999999995,present,0,0,0,0,0,0,Non-symptomatic,Control,39.76608187134503,80.75,186.49930877648944,121.97070362504829,0.654000834776414,0,0
Chestnuts,2,0,2,55,65,absent,0,305,4,3,SO6768214671,absent,1,chin,8.9,45,absent,present,absent,3,absent,1,6.1,16.2,1,absent,3.775,present,0,4,0,0,2.236842105263158,0,Symptomatic,COD,45.06172839506172,19.25,31.456281520717916,24.10183021120896,0.7662008681901856,0.006962411418427524,0
Chestnuts,3,0,3,50,10,absent,0,532,4,2,SO6769514679,absent,1,chin,14.7,5,absent,absent,absent,2,absent,1,7.8,22.5,2,absent,6.925,present,0,0,0,0,0,0,Non-symptomatic,Control,34.66666666666667,85.5,502.36589720675477,236.4395929142178,0.47065215658320897,0,0
Chestnuts,4,0,1,10,75,absent,0,330,4,3,SO6768614670,absent,0,none,11.4,40,absent,present,absent,3,absent,0,9.1,18.2,2,absent,3.575,present,0,0,0,0,0,0,Symptomatic,COD,37.36263736263736,15,20.47727398022588,16.607201271374574,0.8110064497555443,0,0
Chestnuts,5,0,1,55,10,absent,0,325,0,0,SO6774514667,absent,2,chin,10,5,absent,absent,absent,2,absent,2,6.7,16.9,3,absent,4.725,present,0,0,0,0,0,0,Non-symptomatic,Control,40.828402366863905,85.5,206.88962298119003,133.1993521944561,0.643818429726494,0,0
Chestnuts,6,0,2,15,70,absent,1,340,6,2,SO6772814649,absent,0,none,13,50,absent,present,absent,3,absent,1,9.6,18.1,3,absent,2.525,present,0,0,0,0,0,0,Symptomatic,COD,28.176795580110504,15.000000000000002,7.661328373231612,8.723456665344251,1.1386350043190518,0,0
Chestnuts,7,0,2,50,15,absent,0,379,0,0,SO6773414628,absent,2,chin,10.8,20,absent,present,absent,3,absent,3,10.2,22.3,4,absent,4.25,present,0,0,0,0,0,0,Non-symptomatic,Control,51.56950672645739,68,221.87301766437065,145.5267492226132,0.6559010678925945,0,0
Chestnuts,8,0,3,0,75,absent,0,259,6,3,SO6773314626,absent,1,chin,11.2,75,absent,present,absent,3,absent,3,10.8,17.2,4,absent,1.9,absent,0,0,0,0,0,0,Symptomatic,COD,34.883720930232556,6.25,2.126465527398591,3.0855971078567617,1.451044970210038,0,0
Chestnuts,9,0,3,10,10,absent,0,413,0,0,SO6773314588,absent,1,chin,7.8,15,absent,absent,absent,2,absent,2,5.5,18.9,5,absent,4.625,present,0,0,0,0,0,0,Non-symptomatic,Control,58.73015873015872,76.5,285.3170763326885,173.845114386856,0.6093049761387126,0,0
Chestnuts,10,0,1,15,65,absent,0,292,4,3,SO6773814588,absent,0,none,10.4,30,absent,present,absent,3,absent,2,7.1,17.4,5,absent,2.725,present,0,0,0,0,0,0,Symptomatic,COD,40.22988505747126,24.5,20.004007773178138,20.554370354869626,1.0275126158683774,0,0
Chestnuts,11,0,1,35,20,absent,0,391,0,0,SO6774914599,absent,1,chin,7.4,5,absent,present,absent,2,absent,1,8.7,19,6,absent,5.6,present,0,0,0,0,0,0,Non-symptomatic,Control,61.05263157894737,76,434.2776834778665,222.2246779382054,0.5117110235979495,0,0
Chestnuts,12,2,1,20,80,absent,0,367,6,4,SO6774814572,absent,0,none,11.7,50,present,present,absent,3,absent,1,6.3,19.5,6,absent,3.325,present,0,0,2,0,0,22.89473684210526,Symptomatic,COD,40,9.999999999999998,13.545585409529027,11.507069235484463,0.8495069712815431,0,0.8673293901465686
Chestnuts,13,0,1,50,20,absent,0,431,0,0,SO6763914733,absent,0,none,9.9,15,absent,absent,absent,2,absent,1,10.8,20.7,7,absent,4.575,present,0,0,0,0,0,0,Non-symptomatic,Control,52.17391304347826,68,241.45418768307735,148.9770918284075,0.6169994120124709,0,0
Chestnuts,14,0,2,15,35,absent,0,285,4,2,SO6763114730,absent,1,chin,12.2,40,absent,present,absent,2,absent,1,10.8,20,7,absent,3.4000000000000004,present,0,0,1,0,0,6.578947368421053,Symptomatic,COD,39,39,55.23786964583249,45.99859351107691,0.8327365592845116,0,0
Chestnuts,15,0,2,80,10,absent,0,430,0,0,SO6762414749,absent,0,none,9.1,5,absent,absent,absent,2,absent,2,6.8,20.4,8,absent,4.325,present,0,0,0,0,0,0,Non-symptomatic,Control,55.392156862745104,85.5,283.8812173008515,183.5088692738634,0.6464283583770336,0,0
Chestnuts,16,0,3,0,85,absent,0,293,6,3,SO6762614732,absent,1,chin,11.3,65,absent,present,absent,3,absent,1,5.7,17,8,absent,1.775,absent,0,0,3,0,0,15.263157894736842,Symptomatic,COD,33.52941176470588,5.250000000000001,1.4809853104996202,2.2979538455465858,1.5516385133971085,0,0
Chestnuts,17,0,1,45,20,absent,0,404,0,0,SO6763414744,absent,1,chin,11,5,absent,absent,absent,2,absent,1,8.9,21,9,absent,5.375,present,0,0,0,0,0,0,Non-symptomatic,Control,47.61904761904761,76,344.8977859789469,186.65971280845272,0.5412029893976957,0,0
Chestnuts,18,2,3,15,75,absent,0,366,4,3,SO6764114725,absent,2,chin,10.1,45,absent,present,absent,3,absent,2,7.6,20.7,9,absent,3.75,present,0,0,0,0,0,0,Symptomatic,COD,51.20772946859904,13.75,32.19518877614383,23.850517235917415,0.7408099825645472,0,0.8696991425786631
Chestnuts,19,0,1,70,25,absent,0,411,2,2,SO6759414757,absent,1,chin,13.8,10,absent,present,absent,3,absent,1,7.1,20.1,10,absent,4.925,present,0,0,0,0,0,0,Non-symptomatic,Control,31.343283582089555,67.5,162.02299989662177,103.34351319121623,0.6378323648935905,0,0
Chestnuts,20,0,2,40,40,absent,0,327,4,3,SO6759614757,absent,1,chin,14.9,30,absent,present,absent,3,absent,1,7.3,21.4,10,absent,3.475,present,0,0,0,0,0,0,Symptomatic,COD,30.37383177570093,42,51.78358838494465,43.313330966664935,0.836429693606511,0,0
Great Monks Wood,1,0,0,40,65,absent,0,676,6,2,TL8221025375,absent,1,chin,8.7,5,absent,present,absent,2,absent,0,12.5,22.6,25 Y,absent,9.485,present,0,0,0,0,0,0,Symptomatic,COD,61.50442477876107,33.25,653.1320525867533,209.31127731034164,0.3204731362997065,0,0
Great Monks Wood,2,0,0,60,15,absent,0,714,5,3,TL8220925356,absent,1,chin,12.3,15,absent,present,absent,2,absent,1,12.3,21.1,13 W,absent,6.035,present,1,0,0,30,0,0,Non-symptomatic,Remission,41.70616113744076,72.25,363.74325555238136,183.41061072920795,0.5042309594185607,0.1337436496570549,0
Great Monks Wood,3,0,1,55,5,absent,0,703,3,2,TL8220825357,absent,0,none,10,5,absent,present,absent,2,absent,2,15.6,24.4,12 G,absent,5.8325,present,0,0,0,0,0,0,Non-symptomatic,Control,59.01639344262295,90.25,694.4469496774192,334.60156506621,0.4818245154963059,0,0
Great Monks Wood,4,0,2,20,10,absent,0,925,1,1,TL8219525364,absent,0,none,7.5,20,absent,present,absent,2,absent,0,13.7,23.1,11 O,absent,8.5825,present,1,1,0,20,120,0,Symptomatic,AOD,67.53246753246754,72,1299.5847187138525,442.0771137382268,0.3401679839508524,1.6976527263135504,0
Great Monks Wood,5,0,1,15,5,absent,0,612,1,1,TL8227025539,absent,0,none,8.5,5,absent,present,absent,2,absent,1,13.5,20.9,68 G,absent,7.2475000000000005,present,0,0,0,0,0,0,Non-symptomatic,Control,59.33014354066985,90.25,923.3475917778197,375.69857782538196,0.40688748329543956,0,0
Great Monks Wood,6,0,0,15,15,absent,0,620,1,1,TL8225025523,absent,0,none,7.7,10,absent,present,absent,2,absent,0,11,22.4,65 G,absent,7.1525,present,0,0,0,0,0,0,Non-symptomatic,Control,65.625,76.5,903.6793948762233,362.4172875293062,0.4010463108754918,0,0
Great Monks Wood,7,0,2,30,60,absent,0,611,3,3,TL8225425518,absent,0,none,9.7,15,absent,present,absent,2,absent,0,9.7,22.3,62 O,absent,3.725,present,1,1,1,140,90,20,Symptomatic,AOD,56.50224215246637,34,93.37312487001708,68.83114679061396,0.7371622925379488,4.810247598085653,0
Great Monks Wood,8,0,1,0,10,absent,0,789,1,1,TL8224725500,absent,0,none,8.99,15,absent,present,absent,2,absent,0,12.3,20.8,56 O,absent,5.53,absent,1,1,1,20,10,10,Symptomatic,AOD,56.77884615384615,76.5,433.99174857150496,224.03375188007374,0.5162166161395617,0.06723909720823631,0
Great Monks Wood,9,0,0,0,5,absent,0,1005,1,1,TL8221425464,absent,0,none,7.6,5,absent,present,absent,2,absent,0,13.9,24.6,44 W,absent,11.31,absent,0,0,0,0,0,0,Non-symptomatic,Remission,69.10569105691057,90.25,3082.770673225071,824.0220539364713,0.2672991737897949,0,0
Great Monks Wood,10,0,0,30,20,absent,0,463,3,2,TL8229125542,absent,1,both,8,35,absent,present,absent,3,absent,0,12.6,15.8,75 W,absent,4.342499999999999,present,0,0,0,0,0,0,Non-symptomatic,Remission,49.36708860759494,52,120.14272485686756,80.92585179763087,0.6735809587641878,0,0
Great Monks Wood,11,0,4,10,65,absent,0,668,6,2,TL8231025522,absent,1,chin,5.7,5,absent,present,absent,2,absent,2,11.2,18.8,83 Y,absent,4.215,present,0,0,0,0,0,0,Symptomatic,COD,69.68085106382979,33.25,121.55644216948406,79.58866874916383,0.6547466125916611,0,0
Great Monks Wood,12,0,0,0,35,absent,0,409,1,2,TL8233025507,absent,1,chin,3.6,20,absent,present,absent,3,absent,0,8.2,15.5,78 Y,absent,4.3825,absent,0,0,0,0,0,0,Symptomatic,COD,76.7741935483871,52,186.6869805708412,118.71240953599116,0.6358901363822955,0,0
Great Monks Wood,13,0,1,0,0,absent,0,583,1,1,TL8233725497,absent,0,none,4.9,40,absent,present,absent,3,absent,2,7.6,14.2,79 G,absent,4.8275,absent,0,0,0,0,0,0,Non-symptomatic,Control,65.49295774647887,60,204.2672023700752,122.45379160067964,0.5994784780908073,0,0
Great Monks Wood,14,0,0,10,35,absent,0,694,3,3,TL8233625493,absent,0,none,8.3,10,absent,present,absent,1,absent,1,14.1,25.7,80 W,absent,4.9825,present,0,0,0,0,0,0,Non-symptomatic,Remission,67.70428015564201,58.5,396.9351931671453,218.3845030852851,0.5501767211488492,0,0
Great Monks Wood,15,0,2,0,45,absent,0,650,6,3,TL8233625481,absent,0,none,10.1,40,absent,present,absent,2,absent,3,12.5,22.3,81 Y,absent,4.3525,absent,0,0,0,0,0,0,Symptomatic,COD,54.7085201793722,33,119.80396929686044,76.51536254080077,0.638671347784851,0,0
Great Monks Wood,16,0,1,0,50,absent,0,627,3,2,TL8231325485,absent,0,none,8.2,40,absent,present,absent,2,absent,2,11.7,20.9,91 O,absent,3.58,absent,1,1,1,10,100,50,Symptomatic,AOD,60.76555023923446,30,76.70274490281696,58.68521339321553,0.7650992603663689,1.709159941763044,0
Great Monks Wood,17,0,1,5,20,absent,0,620,3,2,TL8231425494,absent,1,chin,9.5,5,absent,present,absent,2,absent,1,15.7,23.1,90 G,absent,5.65,absent,0,0,0,0,0,0,Non-symptomatic,Control,58.87445887445888,76,518.28575599045,258.4279259212444,0.49862054462096056,0,0
Great Monks Wood,18,0,2,0,15,absent,0,566,1,2,TL8230325508,absent,0,none,4.9,85,absent,present,absent,3,absent,3,14.3,14.3,89 O,absent,3.1075,absent,1,1,1,20,130,50,Symptomatic,AOD,65.73426573426573,12.75,18.17942697975548,16.173713790454038,0.8896712645819368,3.2430865906829087,0
Great Monks Wood,19,0,1,30,40,absent,0,529,3,2,TL8228825529,absent,0,none,7.1,5,absent,present,absent,2,present,1,10.1,22.2,85 W,absent,5.4975,present,0,1,1,0,20,20,Non-symptomatic,Remission,68.01801801801803,57,408.60356932733606,206.9382500363682,0.50645237969174,0.08022933489194473,0
Great Monks Wood,20,0,1,0,40,absent,0,693,6,3,TL8227025501,absent,0,none,9.9,15,absent,present,absent,2,absent,0,14.1,21.8,61 Y,absent,5.83,absent,0,0,0,0,0,0,Symptomatic,COD,54.58715596330275,51,324.0217207405485,159.56838513460772,0.4924620015285263,0,0
Hatchlands,1,0,0,15,25,absent,0,755,6,2,TQ0734652186,absent,2,chin,1.6,0,absent,absent,absent,3,absent,0,11.2,17.1,1228,absent,7.5625,present,0,0,0,0,0,0,Non-symptomatic,Control,90.64327485380117,75,1044.344091267666,396.26502877747856,0.37943914471376616,0,0
Hatchlands,2,0,3,0,35,absent,0,928,4,3,TQ0726152361,absent,2,chin,1.5,10,absent,present,present,1,present,0,3.5,14.4,1251,absent,7.41,absent,0,0,0,0,0,0,Non-symptomatic,Control,89.58333333333334,58.5,650.8814124779464,258.25844267928494,0.39678263617342957,0,0
Hatchlands,3,0,3,45,45,absent,0,979,6,2,TQ0731152658,absent,2,chin,1.7,5,absent,present,absent,1,absent,0,14,25,1260,absent,8.5975,present,0,0,0,0,0,0,Non-symptomatic,Control,93.2,52.25000000000001,1413.534659774082,458.2543460465666,0.3241903853420948,0,0
Hatchlands,4,0,2,40,40,absent,0,786,4,2,TQ0731352751,absent,1,chin,2.4,0,absent,absent,absent,2,absent,0,11.9,20.2,1286,absent,6.6175,present,0,0,0,0,0,0,Non-symptomatic,Control,88.11881188118814,60,734.6475416725782,309.61646781796287,0.4214489945927764,0,0
Hatchlands,5,0,3,70,55,absent,0,725,6,3,TQ0730252747,absent,2,chin,7.3,10,absent,present,absent,2,absent,0,10.3,19.4,1291,absent,5.8625,present,0,0,0,0,0,0,Non-symptomatic,Control,62.37113402061855,40.49999999999999,264.5610965737916,129.37705460249356,0.4890252432349123,0,0
Hatchlands,6,0,1,20,50,absent,0,578,6,2,TQ0728652756,absent,1,chin,2,60,absent,present,absent,3,absent,0,5.8,12.2,1301,absent,4.3625,present,0,7,1,0,10,2.307692307692308,Symptomatic,AOD,83.60655737704919,20,60.984704583732515,39.49974263756031,0.6476991715738629,0.1284988006508959,0
Hatchlands,7,0,1,0,20,absent,0,1067,2,2,TQ0726352602,absent,1,chin,0.7,10,absent,present,absent,1,absent,1,6,16.3,1305,present,8.6125,absent,0,0,0,0,0,0,Symptomatic,COD,95.70552147239265,72,1308.6859553569625,443.86772903534626,0.3391705452468733,0,0
Hatchlands,8,0,3,20,75,absent,0,732,6,4,TQ0732552199,absent,1,chin,2.1,40,absent,present,present,3,absent,0,3.7,11,1230,absent,4.2475,present,0,0,0,0,0,0,Symptomatic,COD,80.9090909090909,15,37.8327506294344,25.486762494281905,0.6736692963173778,0,0
Hatchlands,9,0,4,30,75,absent,0,1354,6,4,TQ0723452377,absent,1,chin,1.7,0,absent,absent,present,1,present,0,3.6,17.6,1252,present,8.9725,present,0,10,0,0,15.64102564102564,0,Symptomatic,COD,90.3409090909091,25,502.67113115829767,164.23110263404484,0.326716798427651,0.19170818883406557,0
Hatchlands,10,0,4,65,60,absent,0,713,3,4,TQ0732852634,absent,1,chin,8.1,0,absent,present,absent,2,absent,2,9.7,20.3,2012,absent,6.0825,present,1,2,3,3.58974358974359,2.307692307692308,2.948717948717949,Non-symptomatic,Remission,60.09852216748769,40,283.5985031199352,134.1759063431753,0.47311923323668487,0.0035026210658325005,0
Hatchlands,11,0,3,50,40,absent,0,1029,6,2,TQ0730852682,present,1,chin,7.4,0,absent,present,present,2,absent,0,8.7,18.2,1267,absent,7.2625,present,0,0,0,0,0,0,Non-symptomatic,Remission,59.34065934065934,60,536.8675736050772,223.99110524298925,0.4172185400188807,0,0
Hatchlands,12,0,3,75,20,absent,0,1457,2,2,TQ0732352691,absent,1,chin,3.6,10,absent,present,present,2,absent,0,5.2,21.8,1269,present,10.1625,present,0,0,4,0,0,13.846153846153847,Non-symptomatic,Remission,83.4862385321101,72,2125.8121193235434,612.15462640545,0.2879627135629673,0,0
Hatchlands,13,0,1,65,20,absent,0,551,0,0,TQ0732052700,absent,1,chin,5.9,0,absent,absent,absent,2,absent,1,7.4,20.7,1271,absent,5.635,present,0,1,0,0,1.282051282051282,0,Non-symptomatic,Remission,71.49758454106279,80,590.5537344556798,292.8705825313354,0.4959253755312844,3.1651046091141704e-4,0
Hatchlands,14,0,2,45,50,absent,0,935,4,2,TQ0730952699,absent,1,chin,2.4,0,absent,absent,absent,2,absent,0,6,23.1,1272,absent,6.7825,present,0,4,0,0,4.615384615384616,0,Symptomatic,AOD,89.61038961038962,50,747.8936256044971,304.67276547054706,0.40737446481682527,0.009669255790160402,0
Hatchlands,15,0,2,85,40,absent,0,663,2,2,TQ0731352715,absent,1,chin,10.9,0,absent,absent,absent,2,absent,1,6.6,16.6,1274,absent,5.2524999999999995,present,0,3,0,0,6.410256410256411,0,Symptomatic,AOD,34.337349397590366,60,148.21020406592194,93.07606141049939,0.6280003593349105,0.01972819728079082,0
Hatchlands,16,0,2,80,35,absent,0,680,3,5,TQ0731652734,absent,1,chin,7.8,0,absent,absent,absent,2,absent,0,10.4,22.3,1284,absent,6.09,present,0,6,1,0,14.230769230769232,2.051282051282051,Symptomatic,AOD,65.02242152466367,65,549.0802480105319,254.28108368753806,0.4631036803980257,0.18959547258336648,0
Hatchlands,17,0,2,55,25,absent,0,673,2,2,TQ0731452746,absent,1,chin,6.5,10,absent,present,absent,3,absent,0,11,21.5,1285,absent,5.492500000000001,present,0,0,0,0,0,0,Non-symptomatic,Remission,69.76744186046511,67.5,479.7942512770192,243.3255326413117,0.5071455774921793,0,0
Hatchlands,18,0,2,40,30,absent,0,553,4,2,TQ0730752763,present,1,chin,4.4,0,absent,absent,absent,2,absent,0,9.5,22.6,1290,absent,8.8475,present,0,0,0,0,0,0,Symptomatic,COD,80.53097345132744,70,1566.5001746901191,507.8220319657935,0.3241761732112475,0,0
Hatchlands,19,0,3,70,25,absent,0,592,4,2,TQ0729852767,absent,1,chin,4.9,0,absent,absent,absent,2,absent,1,14.4,18.8,1293,absent,6.4275,present,0,1,0,0,2.564102564102564,0,Symptomatic,AOD,73.93617021276596,75,676.5191761238201,300.0118428754861,0.44346391567853555,0.0011783598916364241,0
Hatchlands,20,0,3,60,15,absent,0,593,2,2,TQ0727952764,present,1,chin,3.8,0,absent,absent,absent,2,absent,2,17.1,24.1,1297,absent,5.6525,present,0,2,0,0,1.794871794871795,0,Symptomatic,COD,84.23236514522821,85,865.9961927406581,419.3824250799228,0.484277446708725,0.001152845319952425,0
Langdale,1,0,1,10,5,absent,0,886,4,5,SO7899143327,absent,2,chin,10.9,0,absent,absent,absent,1,absent,1,17.3,26.1,116,absent,6.75,present,0,0,0,0,0,0,Non-symptomatic,Control,58.23754789272031,95,1033.4622463157154,434.37445745068015,0.42030994262172766,0,0
Langdale,2,0,4,25,70,absent,0,710,6,4,SO7896143342,absent,3,chin,7.6,15,present,present,absent,2,absent,2,14.2,23,118,absent,6.925,present,7,7,0,21.28205128205128,16.923076923076923,0,Symptomatic,AOD,66.95652173913044,25.500000000000004,295.8150964658759,121.36320028641218,0.4102670950074793,0.7733904581850056,0
Langdale,3,0,2,10,25,absent,0,814,6,2,SO7893043336,absent,2,both,5.2,25,absent,present,absent,2,absent,0,12.1,19,74,absent,9,present,0,1,3,0,0.2564102564102564,7.435897435897436,Non-symptomatic,Remission,72.63157894736842,56.25,987.6578254263762,330.3877967450628,0.3345164572582948,8.569890120992175e-6,0
Langdale,4,0,3,15,70,absent,0,594,6,4,SO7891143310,absent,3,chin,10.6,10,present,present,present,2,absent,1,13.1,20.9,64,absent,4.9,present,0,0,0,0,0,0,Symptomatic,Extra,49.2822966507177,27.000000000000004,104.88491388144678,61.224258854444976,0.5837279794465752,0,0
Langdale,5,3,3,5,60,absent,0,727,6,3,SO7890043286,absent,3,chin,7.6,20,present,present,present,2,absent,1,18.3,22.9,57,absent,6.025,present,2,10,3,5.384615384615384,9.230769230769232,5.897435897435898,Symptomatic,AOD,66.8122270742358,32,279.17426965711763,129.8740044585047,0.4652076447375189,0.13282018859777966,0.6567604254135984
Langdale,6,0,4,0,30,absent,0,709,4,3,SO7891043285,absent,3,chin,8.8,20,present,present,present,1,absent,2,17.3,23.8,50,present,7.425000000000001,absent,5,2,1,7.948717948717948,2.564102564102564,2.564102564102564,Symptomatic,COD,63.02521008403361,56,727.4314592488181,281.6631671665447,0.38720234543802123,0.049244474252793505,0
Langdale,7,0,4,30,30,absent,0,645,4,2,SO7894043270,absent,3,chin,8.2,15,present,present,absent,2,absent,2,18,22.3,44,absent,5.75,present,3,1,2,1.5384615384615385,0.2564102564102564,1.794871794871795,Non-symptomatic,Remission,63.22869955156951,59.49999999999999,435.70409809678875,213.08425866486456,0.48905727441087626,0.0011788714277134141,0
Langdale,8,0,4,5,80,absent,0,738,6,3,SO7893643255,absent,3,chin,11.6,40,present,present,absent,1,absent,2,14.6,24.1,39,absent,6.225,present,1,2,1,0.2564102564102564,1.794871794871795,2.564102564102564,Symptomatic,COD,51.867219917012456,11.999999999999996,91.30400911650969,42.20236014321673,0.462218040057407,9.357901968702922e-4,0
Langdale,9,0,1,50,10,absent,0,661,2,5,SO7893243267,absent,2,chin,11.1,5,absent,present,absent,2,absent,1,16.4,22.8,35,absent,4.2,present,0,0,0,0,0,0,Non-symptomatic,Control,51.31578947368421,85.5,277.1854530118361,183.5457487958107,0.6621767008385289,0,0
Langdale,10,0,2,20,30,absent,0,666,2,2,SO7895243236,absent,3,chin,7.6,5,absent,present,present,2,absent,0,13.7,20.8,142,absent,6.725,present,0,0,1,0,0,7.6923076923076925,Symptomatic,COD,63.46153846153847,66.5,623.5912761138362,267.64009525062806,0.42919153218200334,0,0
Langdale,11,2,4,10,45,absent,0,773,6,3,SO7900543218,absent,3,chin,6.1,40,present,present,present,2,absent,1,14.2,23.4,147,absent,7.325,present,1,1,1,1.282051282051282,1.5384615384615385,2.051282051282051,Symptomatic,AOD,73.93162393162392,33,481.1662729006981,185.4138620760841,0.38534259884493055,5.504907167758674e-4,0.41178510502430876
Langdale,12,0,1,20,10,absent,0,935,6,5,SO7900843228,absent,2,chin,5.2,5,absent,present,absent,1,absent,0,19.8,28.4,146,absent,8.5,present,0,0,1,0,0,0.7692307692307693,Non-symptomatic,Remission,81.69014084507043,85.5,2251.1883265424326,737.7612708161579,0.3277208139886167,0,0
Langdale,13,0,4,40,15,absent,0,759,4,2,SO7905143218,absent,2,both,4.8,10,absent,present,absent,2,absent,1,17,24,150,absent,7.175,present,0,0,0,0,0,0,Non-symptomatic,Control,80,76.5,1187.7535898514377,461.8802120125372,0.3888687148235085,0,0
Langdale,14,0,4,0,75,absent,0,764,6,3,SO7901343170,absent,3,both,4.6,10,absent,present,absent,1,absent,1,16.1,25.8,161,absent,6.675,absent,5,4,1,5.6410256410256405,3.076923076923077,1.0256410256410255,Symptomatic,AOD,82.17054263565893,22.5,333.8418636600026,137.83841299910824,0.4128853448394602,0.027355717425692337,0
Langdale,15,0,3,0,15,absent,0,840,4,5,SO7899643167,absent,3,chin,4.9,0,absent,absent,absent,1,absent,0,17.5,24.6,165,absent,7.574999999999999,absent,0,0,1,0,0,7.6923076923076925,Non-symptomatic,Remission,80.08130081300814,85,1509.281689526627,557.2741716409278,0.3692313870286944,0,0
Langdale,16,0,4,0,35,absent,0,581,6,2,SO7904543169,absent,3,both,5.3,10,absent,present,absent,1,absent,1,16,20.5,175,absent,6.05,absent,0,0,1,0,0,3.076923076923077,Symptomatic,COD,74.14634146341463,58.5,511.2461851280287,237.08564097619143,0.463740655427716,0,0
Langdale,17,0,2,5,10,absent,0,816,2,5,SO7900443133,absent,2,chin,4.6,0,absent,present,absent,1,absent,1,15,22.1,174,absent,9.075,absent,0,0,1,0,0,1.5384615384615385,Non-symptomatic,Control,79.18552036199095,90,2037.4816335441426,649.6522485507375,0.3188506035368208,0,0
Langdale,18,0,3,15,75,absent,0,442,6,3,SO7898043083,absent,2,chin,11.3,50,absent,present,absent,3,absent,1,17,23.1,282,absent,3.65,present,9,2,2,13.333333333333332,3.076923076923077,10.256410256410255,Symptomatic,Extra,51.082251082251084,12.5,30.867227743994395,23.28193525058596,0.7542606496340039,0.3886297038737544,0
Langdale,19,0,4,30,35,absent,0,693,4,3,SO7897542959,absent,3,chin,7.8,40,absent,present,present,3,absent,1,13.4,24.3,255,absent,6.275,present,9,9,0,9.230769230769232,6.153846153846154,0,Symptomatic,AOD,67.90123456790124,39,398.011745586655,177.23492846564466,0.44530074911333767,0.16959567695440064,0
Langdale,20,0,4,10,20,absent,0,740,2,2,SO7900842950,absent,3,chin,8.1,20,absent,present,absent,2,absent,2,17,24.5,253,absent,6.675,absent,0,0,2,0,0,1.0256410256410255,Non-symptomatic,Remission,66.93877551020407,64,734.5920756761817,309.415029702896,0.4212065988025855,0,0
Langdale,21,0,2,15,15,absent,0,728,2,5,SO7902842946,absent,2,chin,9.3,10,absent,present,absent,2,absent,0,15.6,25.4,244,absent,8.05,present,0,0,0,0,0,0,Non-symptomatic,Control,63.38582677165354,76.5,1253.7153665236108,448.3576584073609,0.35762316581521864,0,0
Langdale,22,0,3,20,30,absent,0,746,2,2,SO7908042983,present,3,chin,7.8,0,absent,present,absent,2,absent,0,13.3,20.7,237,absent,7.525,present,0,0,0,0,0,0,Symptomatic,COD,62.31884057971014,70,803.1943334847615,314.65115777434585,0.3917497231450719,0,0
Richmond,1,0,1,20,20,absent,0,1086,3,2,TQ2023174476,absent,1,chin,5,0,absent,absent,absent,2,absent,0,17.9,28.4,2,absent,7.202500000000001,present,0,0,0,0,0,0,Non-symptomatic,Control,82.3943661971831,80,1525.4299020409321,582.9028102336724,0.38212362918399856,0,0
Richmond,2,0,3,70,35,absent,0,993,3,2,TQ2022774417,absent,1,chin,10.1,10,absent,present,absent,2,absent,1,20.8,30.2,36,absent,8.7775,present,0,1,1,0,2.564102564102564,0.7692307692307693,Non-symptomatic,Control,66.55629139072849,58.5,1423.0281025854572,459.1079155651711,0.322627441250831,7.025066020632056e-4,0
Richmond,3,0,2,40,25,absent,0,833,3,2,TQ2025674405,absent,1,chin,3.7,10,absent,present,absent,2,absent,0,18.8,30.3,52,absent,9.0175,present,0,2,0,0,2.1794871794871797,0,Non-symptomatic,Control,87.7887788778878,67.5,2293.3882783580016,704.33794704414,0.3071167467326663,0.0012101034642274468,0
Richmond,4,0,1,0,10,absent,0,907,2,1,TQ2023174367,absent,1,chin,5.2,0,absent,absent,absent,2,absent,0,16.2,27,61,absent,8.4175,absent,0,0,0,0,0,0,Non-symptomatic,Control,80.74074074074075,90,2183.660559983876,725.841707757156,0.3323967658061817,0,0
Richmond,5,0,1,30,30,absent,0,996,3,2,TQ2036074420,absent,1,chin,6.6,10,absent,present,absent,2,absent,0,16.3,26.9,141,absent,8.64,present,0,0,0,0,0,0,Non-symptomatic,Control,75.46468401486989,62.99999999999999,1499.6294112096223,490.1828982780371,0.32686935493126174,0,0
Richmond,6,0,2,10,75,absent,0,1010,3,2,TQ2028674399,absent,1,chin,3.6,15,absent,present,absent,2,absent,1,18,26.7,100,present,8.6725,present,1,19,3,5.128205128205128,71.7948717948718,11.538461538461537,Symptomatic,AOD,86.51685393258425,21.25,579.935118091202,186.64996545322776,0.3218462887151365,10.291165279353041,0
Richmond,7,6,1,25,95,absent,0,523,6,4,TQ2030174401,absent,1,chin,7,95,absent,present,absent,4,absent,0,8.6,13.3,109,present,1.395,present,5,19,17,6.153846153846154,34.48717948717949,48.205128205128204,Symptomatic,AOD,47.36842105263158,0.2500000000000002,0.048144740519153906,0.09360539612987552,1.9442496754684044,4.622958019400348,1.8258693280140954
Richmond,8,0,3,0,80,absent,0,837,3,2,TQ2038074406,absent,1,chin,3.7,20,absent,present,absent,2,absent,0,14.7,20.5,148,present,7.4125,absent,13,29,4,58.97435897435898,88.71794871794873,18.974358974358974,Symptomatic,AOD,81.95121951219512,15.999999999999996,231.99496215886137,88.73115427813671,0.38247017716435144,34.666625622424384,0
Richmond,9,0,2,60,80,absent,0,785,6,2,TQ2028374452,absent,1,chin,8,10,absent,present,absent,2,absent,0,14.9,29.3,26,present,6.6925,present,14,35,6,21.025641025641026,58.205128205128204,15.384615384615385,Symptomatic,AOD,72.6962457337884,17.999999999999996,269.7421068526721,111.0671038634559,0.41175293379063943,16.8634467442097,0
Speculation,1,0,1,15,65,absent,0,457,6,2,SO6126313507,absent,2,chin,13.3,30,absent,absent,absent,2,absent,0,15.6,23.4,21,absent,3.825,present,0,2,0,0,1.6666666666666665,0,Symptomatic,COD,43.16239316239315,24.5,56.86829585556175,41.52891280556094,0.7302647666995176,0.0012898528494358968,0
Speculation,2,0,2,0,25,absent,1,973,4,3,SO6127313475,absent,2,chin,8.2,20,absent,present,absent,1,absent,2,22.4,33.4,38,absent,6.7,absent,0,0,0,0,0,0,Non-symptomatic,Control,75.44910179640719,60,1066.1572723005222,434.64237188082535,0.4076719103017204,0,0
Speculation,3,0,3,50,45,absent,0,559,4,2,SO6127513385,present,2,chin,13.2,30,absent,present,present,2,absent,1,16.6,28.3,17,absent,4.55,present,0,0,0,0,0,0,Symptomatic,COD,53.35689045936396,38.5,189.05159558963268,114.2144498021508,0.6041443313182708,0,0
Speculation,4,0,1,35,35,absent,0,867,6,2,SO6123213449,absent,2,chin,11.6,10,absent,absent,absent,1,absent,1,18.3,32.2,14,absent,8.725,present,0,1,0,0,1.0256410256410255,0,Non-symptomatic,Control,63.975155279503106,58.5,1441.0326959579625,466.20521385636954,0.3235216072224149,1.2873615794210163e-4,0
Speculation,5,0,1,40,20,absent,0,691,4,2,SO6122013548,absent,1,chin,8.4,10,absent,absent,absent,2,absent,1,21.8,28.3,26,absent,6.425,present,0,0,0,0,0,0,Non-symptomatic,Control,70.31802120141342,72,929.0770105998037,399.15832945879754,0.42962889502680146,0,0
Speculation,6,0,3,35,15,absent,0,916,0,0,SO6121513580,absent,1,chin,7.3,0,absent,absent,absent,2,absent,2,17.5,27.5,11,absent,6.8999999999999995,present,0,0,0,0,0,0,Non-symptomatic,Control,73.45454545454545,85,1284.068977248165,515.6575141865579,0.40158085221530865,0,0
Speculation,7,0,3,30,25,absent,0,722,0,0,SO6118213606,absent,1,chin,11.3,10,absent,absent,absent,2,absent,0,11,29.8,28,absent,7.675,present,0,0,0,0,0,0,Non-symptomatic,Control,62.08053691275167,67.5,1155.452632977251,424.06492003654336,0.3670119466030007,0,0
Speculation,8,0,2,25,50,absent,0,724,4,3,SO6117513578,absent,2,chin,16.1,10,absent,present,absent,2,absent,2,17,28.9,30,absent,4.925,present,0,0,1,0,0,1.4102564102564101,Symptomatic,COD,44.290657439446356,45,219.45972472769924,124.63909845007753,0.5679360921678315,0,0
Speculation,9,0,1,40,15,absent,0,871,4,2,SO6118113578,absent,0,none,16.4,0,absent,present,absent,2,absent,0,17.5,35.1,29,absent,9.4,present,0,0,0,0,0,0,Non-symptomatic,Control,53.276353276353284,85,2206.155480808816,676.1534091071085,0.30648493045432074,0,0
Speculation,10,0,3,15,20,absent,1,786,4,3,SO6116013599,absent,0,none,13.5,20,absent,present,absent,2,absent,1,16.2,32.1,20,absent,9.15,present,0,0,3,0,0,12.051282051282051,Non-symptomatic,Control,57.94392523364487,64,1565.5068900759006,491.4850669858497,0.31394628161746446,0,0
Speculation,11,0,4,0,85,absent,0,611,6,4,SO6115713616,absent,0,none,16.1,5,absent,present,absent,2,absent,1,18.4,25.2,2,absent,3.5749999999999997,absent,13,0,0,5,0,0,Symptomatic,COD,36.11111111111111,14.250000000000002,26.033240229272465,20.406214993430964,0.783852290906365,0.05643792308223239,0
Speculation,12,0,3,50,15,absent,0,719,5,3,SO6117113626,absent,0,none,14.8,45,absent,present,absent,2,absent,2,16,27.4,12,absent,4.65,present,0,0,2,0,0,5.6410256410256405,Symptomatic,COD,45.98540145985401,46.75,200.06814393515043,119.92305545412968,0.5994110461333676,0,0
Speculation,13,0,4,20,55,absent,0,652,6,2,SO6117513627,absent,2,chin,14.9,20,absent,present,absent,2,absent,2,14.3,24.5,39,absent,4.6,present,0,0,2,0,0,28.71794871794872,Symptomatic,COD,39.183673469387756,36,114.8707017503309,71.49100354285576,0.6223606407336136,0,0
Speculation,14,0,2,60,15,absent,0,788,6,2,SO6116613639,absent,0,none,17.1,10,absent,present,absent,2,absent,3,16,29.7,31,absent,6.575,present,0,0,0,0,0,0,Non-symptomatic,Control,42.42424242424242,76.5,654.5508205397041,288.31960559347,0.44048467520938805,0,0
Speculation,15,0,3,20,25,absent,0,822,6,2,SO6116713710,absent,2,chin,13.1,20,absent,present,absent,1,absent,1,22.7,34.1,42,absent,7.025,present,0,0,0,0,0,0,Non-symptomatic,Control,61.58357771260997,60,976.7492339854084,384.7034257400482,0.39386099559080406,0,0
Speculation,16,0,2,10,35,absent,0,902,6,2,SO6118013722,absent,0,none,12.3,0,absent,absent,absent,1,absent,1,23.7,37.3,43,absent,9.1,present,0,0,0,0,0,0,Non-symptomatic,Control,67.02412868632707,65,2113.7617121056373,646.7129917619998,0.30595359356650115,0,0
Speculation,17,0,2,25,55,present,0,697,6,2,SO6117513737,absent,2,chin,15.4,20,absent,present,absent,3,absent,1,15.4,29.6,44,absent,4.425,present,0,0,0,0,0,0,Symptomatic,COD,47.972972972972975,36,157.2306726002926,97.8658322385057,0.6224347363017233,0,0
Speculation,18,0,3,10,25,absent,0,594,6,2,SO6111813619,absent,1,chin,14.7,15,absent,absent,absent,1,absent,3,19.6,32.8,45,absent,5.375,present,0,0,0,0,0,0,Symptomatic,COD,55.18292682926828,63.75,523.6433326269175,267.5800568781128,0.5109967800712107,0,0
Speculation,19,0,2,55,55,absent,0,585,4,3,SO6120513618,absent,0,none,8.9,10,absent,present,absent,3,absent,1,18,24.4,46,absent,4.925,present,0,0,0,0,0,0,Symptomatic,COD,63.52459016393443,40.49999999999999,239.17680937120346,133.91803064534633,0.5599122715844284,0,0
Speculation,20,0,1,25,40,absent,2,661,6,2,SO6123313598,absent,1,chin,11.7,15,absent,absent,absent,2,absent,0,16.6,26.4,47,absent,5.275,present,0,0,0,0,0,0,Symptomatic,COD,55.68181818181818,51,327.68179638716947,172.7590355996989,0.5272158463010165,0,0
Winding Wood,1,2,0,15,45,absent,0,769,6,3,TL9532343256,absent,1,chin,7.6,30,absent,absent,absent,2,absent,1,15.1,20.3,2871 O,absent,5.3825,present,1,0,0,0.7692307692307693,0,0,Symptomatic,AOD,62.5615763546798,38.5,222.5114708306357,116.6987400320777,0.5244616809930792,8.16424122579827e-5,0.41392703014797233
Winding Wood,2,1,0,25,30,absent,0,695,6,3,TL9532543308,absent,1,both,9.6,15,present,absent,absent,2,absent,0,11.3,19.4,295 O,absent,4.66,present,1,1,1,0.7692307692307693,3.076923076923077,0.7692307692307693,Symptomatic,AOD,50.51546391752577,59.49999999999999,198.8999856681926,122.07607400587271,0.6137560724087809,0.0015356996481274933,0.22899991811783507
Winding Wood,3,0,1,85,40,absent,0,484,1,1,TL9535143239,absent,1,chin,6.7,20,absent,absent,absent,3,absent,0,11.3,18.1,311 G,absent,3.955,present,0,0,0,0,0,0,Non-symptomatic,Control,62.983425414364646,48,134.44942258340495,94.30187425728808,0.7013929286218276,0,0
Winding Wood,4,0,0,20,30,absent,0,648,1,2,TL9531243251,absent,0,none,10.4,15,absent,present,absent,2,absent,0,11.7,21.4,282 W,absent,5.78,present,0,0,0,0,0,0,Non-symptomatic,Remission,51.4018691588785,59.49999999999999,343.4671486667992,172.27554373414975,0.5015779366464999,0,0
Winding Wood,5,0,0,90,15,absent,0,696,1,1,TL9528743234,absent,0,none,6.3,0,absent,absent,absent,2,absent,0,12.9,22.8,264 G,absent,8.6675,present,0,0,0,0,0,0,Non-symptomatic,Control,72.36842105263158,85,1655.0474429780757,553.5597013323603,0.3344675729272694,0,0
Winding Wood,6,0,0,80,40,absent,0,663,3,2,TL9529643262,absent,1,chin,8.9,10,absent,present,absent,2,absent,1,12.9,18.8,273 Y,absent,9.120000000000001,present,0,0,1,0,0,0.7692307692307693,Symptomatic,COD,52.659574468085104,54,698.4551245500132,252.59587891061636,0.36164940313574734,0,0
Winding Wood,7,0,0,80,15,absent,0,809,0,0,TL9530143271,absent,1,pin,10.7,10,absent,absent,absent,1,absent,0,15.7,24.6,272 W,absent,7.5874999999999995,present,0,0,0,0,0,0,Non-symptomatic,Remission,56.50406504065041,76.5,961.5979318513995,369.54497113937805,0.38430300118042027,0,0
Winding Wood,8,0,0,40,55,absent,1,627,5,3,TL9528243282,absent,1,chin,11.8,20,absent,present,absent,2,absent,0,12.9,23.3,269 O,absent,5.9525,present,1,1,1,0.7692307692307693,0.7692307692307693,0.7692307692307693,Symptomatic,AOD,49.35622317596567,36,230.41939198567982,111.97926255232328,0.4859802015243691,2.0026480072213299e-4,0
Winding Wood,9,0,1,75,30,absent,0,570,5,1,TL9528143291,absent,0,none,7.4,30,absent,present,absent,2,absent,2,12.7,23.7,41 G,absent,6.9399999999999995,present,0,0,0,0,0,0,Non-symptomatic,Control,68.77637130801688,49,604.2581300442014,245.90479429189716,0.4069532242353268,0,0
Winding Wood,10,0,2,85,40,absent,0,597,2,2,TL9529443289,absent,0,none,10.4,25,absent,present,absent,2,absent,1,13.5,22.2,40 O,absent,6.64,present,1,1,1,0.7692307692307693,1.5384615384615385,0.7692307692307693,Symptomatic,AOD,53.153153153153156,45,367.74820098553676,162.28020583796027,0.4412807605939658,5.258208963684146e-4,0
Winding Wood,11,0,0,100,45,absent,0,634,2,3,TL9530143289,absent,0,none,6.4,10,absent,present,absent,3,absent,0,11.7,20.8,32 W,absent,5.4925,present,0,0,0,0,0,0,Non-symptomatic,Remission,69.23076923076923,49.50000000000001,337.7751528990214,171.88364778865292,0.5088700169726158,0,0
Winding Wood,12,0,0,85,40,absent,0,593,2,2,TL9522943249,absent,1,chin,10.1,15,absent,absent,absent,2,absent,1,15.1,20.2,218 W,absent,7.58,present,0,0,0,0,0,0,Non-symptomatic,Remission,50,51,464.88960796699104,190.6409944302816,0.4100779866084205,0,0
Winding Wood,13,0,0,55,10,absent,0,622,2,1,TL9522243248,absent,0,none,10.7,0,absent,present,absent,1,absent,1,10.7,23.7,217 G,absent,5.9350000000000005,present,0,0,0,0,0,0,Non-symptomatic,Control,54.85232067510548,90,647.3619739571045,310.4357162655949,0.4795396219645194,0,0
Winding Wood,14,0,1,35,25,absent,0,630,3,2,TL9521743239,absent,1,chin,6.1,25,absent,present,absent,3,absent,1,10.6,17.2,195 O,absent,5.9925,present,1,1,1,0.7692307692307693,4.615384615384616,1.5384615384615385,Symptomatic,AOD,64.53488372093024,56.25,352.19360667528514,171.08166356955567,0.48576027595892524,0.00368725643805775,0
Winding Wood,15,0,0,20,75,absent,0,529,6,3,TL9520943255,present,1,chin,9.6,20,absent,present,absent,2,absent,1,12.9,21.9,200 Y,absent,5.605,present,0,0,0,0,0,0,Symptomatic,COD,56.16438356164384,20,121.39651461434175,61.628517946679565,0.507662992981833,0,0
Winding Wood,16,0,0,70,30,absent,0,527,2,2,TL9515143251,absent,0,none,9.3,30,absent,present,absent,2,absent,1,11.3,20,170 Y,absent,3.4275,present,0,0,0,0,0,0,Symptomatic,COD,53.49999999999999,49,96.750821592745325,77.87982945170856,0.8049526419478822,0,0
Winding Wood,17,0,0,30,50,absent,0,529,2,2,TL9517243292,present,0,none,12.4,35,absent,present,absent,1,absent,1,16.6,21.6,134 Y,absent,4.665,present,0,0,0,0,0,0,Symptomatic,COD,42.592592592592595,32.5,102.21022904772339,63.19752206145723,0.6183091716969876,0,0
Winding Wood,18,0,0,30,60,absent,0,586,6,2,TL9522243292,absent,0,none,9.5,20,absent,present,absent,2,absent,0,13.7,20.9,82 W,absent,4.205,present,0,1,1,0,3.8461538461538463,6.923076923076923,Non-symptomatic,Remission,54.54545454545454,32,101.32268898923809,67.15841092730686,0.6628171004664122,0.0026784562724568558,0
Winding Wood,19,0,1,60,35,absent,0,612,5,2,TL9521643297,absent,0,none,8.3,10,absent,present,absent,2,absent,0,15.7,21,84 G,absent,7.05,present,0,0,0,0,0,0,Non-symptomatic,Control,60.476190476190474,58.5,580.0396716814322,240.54473062809026,0.41470392866541994,0,0
Winding Wood,20,0,0,65,25,absent,0,609,5,2,TL9523243280,present,0,none,11.9,10,absent,present,absent,2,absent,1,11.9,23.1,221 Y,absent,6.3149999999999995,present,0,0,0,0,0,0,Symptomatic,COD,48.484848484848484,67.5,473.5745794994296,219.80655150668815,0.4641434760688055,0,0
